{
  "Home Page-1" : {
    "transaction" : "Home Page-1",
    "sampleCount" : 30,
    "errorCount" : 0,
    "errorPct" : 0.0,
    "meanResTime" : 2454.866666666667,
    "medianResTime" : 2368.5,
    "minResTime" : 1964.0,
    "maxResTime" : 3320.0,
    "pct1ResTime" : 2926.3,
    "pct2ResTime" : 3273.7999999999997,
    "pct3ResTime" : 3320.0,
    "throughput" : 0.11405629818878599,
    "receivedKBytesPerSec" : 20.718259736130754,
    "sentKBytesPerSec" : 0.013031823132898397
  },
  "convocation_Request" : {
    "transaction" : "convocation_Request",
    "sampleCount" : 30,
    "errorCount" : 0,
    "errorPct" : 0.0,
    "meanResTime" : 994.1666666666665,
    "medianResTime" : 818.5,
    "minResTime" : 565.0,
    "maxResTime" : 2944.0,
    "pct1ResTime" : 1801.8000000000002,
    "pct2ResTime" : 2734.45,
    "pct3ResTime" : 2944.0,
    "throughput" : 0.11394626294239636,
    "receivedKBytesPerSec" : 16.20351467248046,
    "sentKBytesPerSec" : 0.015133488047037019
  },
  "Home Page-0" : {
    "transaction" : "Home Page-0",
    "sampleCount" : 30,
    "errorCount" : 0,
    "errorPct" : 0.0,
    "meanResTime" : 672.1666666666665,
    "medianResTime" : 665.5,
    "minResTime" : 633.0,
    "maxResTime" : 747.0,
    "pct1ResTime" : 724.6,
    "pct2ResTime" : 734.9,
    "pct3ResTime" : 747.0,
    "throughput" : 0.11484748254318265,
    "receivedKBytesPerSec" : 0.03420750212467843,
    "sentKBytesPerSec" : 0.013122222126515986
  },
  "Total" : {
    "transaction" : "Total",
    "sampleCount" : 180,
    "errorCount" : 0,
    "errorPct" : 0.0,
    "meanResTime" : 1528.1111111111104,
    "medianResTime" : 1123.5,
    "minResTime" : 296.0,
    "maxResTime" : 4052.0,
    "pct1ResTime" : 3001.5,
    "pct2ResTime" : 3319.9,
    "pct3ResTime" : 3930.4999999999995,
    "throughput" : 0.672068102901094,
    "receivedKBytesPerSec" : 84.32945163443229,
    "sentKBytesPerSec" : 0.09396264654818355
  },
  "contact_Request" : {
    "transaction" : "contact_Request",
    "sampleCount" : 30,
    "errorCount" : 0,
    "errorPct" : 0.0,
    "meanResTime" : 607.4666666666668,
    "medianResTime" : 454.0,
    "minResTime" : 296.0,
    "maxResTime" : 2420.0,
    "pct1ResTime" : 938.9000000000001,
    "pct2ResTime" : 1811.6999999999991,
    "pct3ResTime" : 2420.0,
    "throughput" : 0.1140645377154394,
    "receivedKBytesPerSec" : 14.102565168872548,
    "sentKBytesPerSec" : 0.013812502613978988
  },
  "Home Page" : {
    "transaction" : "Home Page",
    "sampleCount" : 30,
    "errorCount" : 0,
    "errorPct" : 0.0,
    "meanResTime" : 3128.8999999999996,
    "medianResTime" : 3065.5,
    "minResTime" : 2625.0,
    "maxResTime" : 4052.0,
    "pct1ResTime" : 3622.0,
    "pct2ResTime" : 3969.5,
    "pct3ResTime" : 4052.0,
    "throughput" : 0.11373070842858281,
    "receivedKBytesPerSec" : 20.69299141617478,
    "sentKBytesPerSec" : 0.025989243918250367
  },
  "administration_Request" : {
    "transaction" : "administration_Request",
    "sampleCount" : 30,
    "errorCount" : 0,
    "errorPct" : 0.0,
    "meanResTime" : 1311.1000000000004,
    "medianResTime" : 1134.5,
    "minResTime" : 1109.0,
    "maxResTime" : 2342.0,
    "pct1ResTime" : 1843.8000000000006,
    "pct2ResTime" : 2136.2999999999997,
    "pct3ResTime" : 2342.0,
    "throughput" : 0.11407104344585807,
    "receivedKBytesPerSec" : 14.045665609291465,
    "sentKBytesPerSec" : 0.014593072940827546
  }
}